{
	"format_version": "1.8.0",
	"animations": {
		"warden_ritual": {
			"animation_length": 7,
			"bones": {
				"head": {
					"rotation": {
						"0.0": {
							"vector": [0, 0, 0]
						},
						"0.625": {
							"vector": [5, 0, 0]
						},
						"6.5": {
							"vector": [5, 0, 0]
						},
						"7.0": {
							"vector": [0, 0, 0]
						}
					}
				},
				"RightArm": {
					"rotation": {
						"0.0": {
							"vector": [0, 0, 0]
						},
						"0.625": {
							"vector": [-87.41193, -14.98539, -0.66963]
						},
						"6.5": {
							"vector": [-87.41193, -14.98539, -0.66963]
						},
						"7.0": {
							"vector": [0, 0, 0]
						}
					},
					"position": {
						"vector": [0, 0, 0]
					}
				},
				"LeftArm": {
					"rotation": {
						"0.0": {
							"vector": [0, 0, 0]
						},
						"0.625": {
							"vector": [-64.96851, 25.25199, 11.26653]
						},
						"6.5": {
							"vector": [-64.96851, 25.25199, 11.26653]
						},
						"7.0": {
							"vector": [0, 0, 0]
						}
					},
					"position": {
						"vector": [0, 0, 0]
					}
				},
				"right_arm": {
					"rotation": {
						"0.0": {
							"vector": [0, 0, 0]
						},
						"0.625": {
							"vector": [-87.41193, -14.98539, -0.66963]
						},
						"6.5": {
							"vector": [-87.41193, -14.98539, -0.66963]
						},
						"7.0": {
							"vector": [0, 0, 0]
						}
					},
					"position": {
						"vector": [0, 0, 0]
					}
				},
				"left_arm": {
					"rotation": {
						"0.0": {
							"vector": [0, 0, 0]
						},
						"0.625": {
							"vector": [-64.96851, 25.25199, 11.26653]
						},
						"6.5": {
							"vector": [-64.96851, 25.25199, 11.26653]
						},
						"7.0": {
							"vector": [0, 0, 0]
						}
					},
					"position": {
						"vector": [0, 0, 0]
					}
				}
			}
		}
	},
	"geckolib_format_version": 2
}